timeStamp,elapsed,label,responseCode,responseMessage,threadName,dataType,success,failureMessage,bytes,sentBytes,grpThreads,allThreads,URL,Latency,IdleTime,Connect
1740056899284,1018,HTTP Request,200,OK,Thread Group 1-17,text,true,,3083,145,36,36,https://the-internet.herokuapp.com/status_codes/200,1009,0,814
1740056898936,1372,HTTP Request,200,OK,Thread Group 1-10,text,true,,3083,145,36,36,https://the-internet.herokuapp.com/status_codes/200,1359,0,1163
1740056899233,1075,HTTP Request,200,OK,Thread Group 1-16,text,true,,3083,145,36,36,https://the-internet.herokuapp.com/status_codes/200,1075,0,868
1740056898738,1570,HTTP Request,200,OK,Thread Group 1-6,text,true,,3083,145,36,36,https://the-internet.herokuapp.com/status_codes/200,1570,0,1368
1740056898687,1622,HTTP Request,200,OK,Thread Group 1-5,text,true,,3083,145,36,36,https://the-internet.herokuapp.com/status_codes/200,1622,0,1419
1740056899087,1222,HTTP Request,200,OK,Thread Group 1-13,text,true,,3083,145,36,36,https://the-internet.herokuapp.com/status_codes/200,1222,0,1027
1740056899381,929,HTTP Request,200,OK,Thread Group 1-19,text,true,,3083,145,36,36,https://the-internet.herokuapp.com/status_codes/200,929,0,735
1740056898684,1626,HTTP Request,200,OK,Thread Group 1-4,text,true,,3083,145,36,36,https://the-internet.herokuapp.com/status_codes/200,1612,0,1414
1740056898683,1628,HTTP Request,200,OK,Thread Group 1-3,text,true,,3083,145,36,36,https://the-internet.herokuapp.com/status_codes/200,1628,0,1426
1740056898839,1475,HTTP Request,200,OK,Thread Group 1-8,text,true,,3083,145,35,35,https://the-internet.herokuapp.com/status_codes/200,1475,0,1270
1740056898887,1428,HTTP Request,200,OK,Thread Group 1-9,text,true,,3083,145,35,35,https://the-internet.herokuapp.com/status_codes/200,1428,0,1230
1740056899444,880,HTTP Request,200,OK,Thread Group 1-20,text,true,,3083,145,35,35,https://the-internet.herokuapp.com/status_codes/200,880,0,670
1740056899036,1289,HTTP Request,200,OK,Thread Group 1-12,text,true,,3083,145,35,35,https://the-internet.herokuapp.com/status_codes/200,1289,0,1089
1740056898796,1530,HTTP Request,200,OK,Thread Group 1-7,text,true,,3083,145,35,35,https://the-internet.herokuapp.com/status_codes/200,1530,0,1324
1740056899332,994,HTTP Request,200,OK,Thread Group 1-18,text,true,,3083,145,35,35,https://the-internet.herokuapp.com/status_codes/200,994,0,797
1740056898682,1645,HTTP Request,200,OK,Thread Group 1-2,text,true,,3083,145,35,35,https://the-internet.herokuapp.com/status_codes/200,1645,0,1449
1740056898682,1646,HTTP Request,200,OK,Thread Group 1-1,text,true,,3083,145,35,35,https://the-internet.herokuapp.com/status_codes/200,1646,0,1451
1740056898986,1350,HTTP Request,200,OK,Thread Group 1-11,text,true,,3083,145,35,35,https://the-internet.herokuapp.com/status_codes/200,1350,0,1148
1740056899580,757,HTTP Request,200,OK,Thread Group 1-23,text,true,,3083,145,35,35,https://the-internet.herokuapp.com/status_codes/200,757,0,565
1740056899186,1152,HTTP Request,200,OK,Thread Group 1-15,text,true,,3083,145,35,35,https://the-internet.herokuapp.com/status_codes/200,1152,0,951
1740056899136,1171,HTTP Request,200,OK,Thread Group 1-14,text,true,,3083,145,36,36,https://the-internet.herokuapp.com/status_codes/200,1171,0,975
1740056899633,772,HTTP Request,200,OK,Thread Group 1-24,text,true,,3083,145,18,18,https://the-internet.herokuapp.com/status_codes/200,772,0,580
1740056899490,969,HTTP Request,200,OK,Thread Group 1-21,text,true,,3083,145,18,18,https://the-internet.herokuapp.com/status_codes/200,969,0,780
1740056899528,931,HTTP Request,200,OK,Thread Group 1-22,text,true,,3083,145,18,18,https://the-internet.herokuapp.com/status_codes/200,931,0,740
1740056899741,771,HTTP Request,200,OK,Thread Group 1-25,text,true,,3083,145,17,17,https://the-internet.herokuapp.com/status_codes/200,770,0,582
1740056899838,761,HTTP Request,200,OK,Thread Group 1-26,text,true,,3083,145,18,18,https://the-internet.herokuapp.com/status_codes/200,760,0,558
1740056899888,775,HTTP Request,200,OK,Thread Group 1-27,text,true,,3083,145,18,18,https://the-internet.herokuapp.com/status_codes/200,775,0,585
1740056899881,788,HTTP Request,200,OK,Thread Group 1-28,text,true,,3083,145,17,17,https://the-internet.herokuapp.com/status_codes/200,788,0,583
1740056899933,765,HTTP Request,200,OK,Thread Group 1-29,text,true,,3083,145,17,17,https://the-internet.herokuapp.com/status_codes/200,765,0,575
1740056899934,775,HTTP Request,200,OK,Thread Group 1-30,text,true,,3083,145,16,16,https://the-internet.herokuapp.com/status_codes/200,775,0,586
1740056899984,766,HTTP Request,200,OK,Thread Group 1-31,text,true,,3083,145,16,16,https://the-internet.herokuapp.com/status_codes/200,766,0,574
1740056900034,750,HTTP Request,200,OK,Thread Group 1-32,text,true,,3083,145,15,15,https://the-internet.herokuapp.com/status_codes/200,750,0,564
1740056900087,770,HTTP Request,200,OK,Thread Group 1-33,text,true,,3083,145,16,16,https://the-internet.herokuapp.com/status_codes/200,769,0,580
1740056900138,765,HTTP Request,200,OK,Thread Group 1-34,text,true,,3083,145,16,16,https://the-internet.herokuapp.com/status_codes/200,765,0,576
1740056900185,739,HTTP Request,200,OK,Thread Group 1-35,text,true,,3083,145,15,15,https://the-internet.herokuapp.com/status_codes/200,739,0,550
1740056900235,791,HTTP Request,200,OK,Thread Group 1-36,text,true,,3083,145,16,16,https://the-internet.herokuapp.com/status_codes/200,791,0,603
1740056900343,780,HTTP Request,200,OK,Thread Group 1-38,text,true,,3083,145,17,17,https://the-internet.herokuapp.com/status_codes/200,780,0,587
1740056900346,792,HTTP Request,200,OK,Thread Group 1-37,text,true,,3083,145,17,17,https://the-internet.herokuapp.com/status_codes/200,792,0,595
1740056900386,775,HTTP Request,200,OK,Thread Group 1-39,text,true,,3083,145,16,16,https://the-internet.herokuapp.com/status_codes/200,775,0,583
1740056900440,746,HTTP Request,200,OK,Thread Group 1-40,text,true,,3083,145,15,15,https://the-internet.herokuapp.com/status_codes/200,746,0,557
1740056900487,759,HTTP Request,200,OK,Thread Group 1-41,text,true,,3079,145,16,16,https://the-internet.herokuapp.com/status_codes/200,758,0,570
1740056900538,754,HTTP Request,200,OK,Thread Group 1-42,text,true,,3079,145,15,15,https://the-internet.herokuapp.com/status_codes/200,754,0,560
1740056900588,748,HTTP Request,200,OK,Thread Group 1-43,text,true,,3079,145,16,16,https://the-internet.herokuapp.com/status_codes/200,748,0,557
1740056900686,749,HTTP Request,200,OK,Thread Group 1-45,text,true,,3079,145,16,16,https://the-internet.herokuapp.com/status_codes/200,749,0,562
1740056900657,785,HTTP Request,200,OK,Thread Group 1-44,text,true,,3079,145,16,16,https://the-internet.herokuapp.com/status_codes/200,785,0,592
1740056900738,757,HTTP Request,200,OK,Thread Group 1-46,text,true,,3079,145,16,16,https://the-internet.herokuapp.com/status_codes/200,757,0,568
1740056900788,758,HTTP Request,200,OK,Thread Group 1-47,text,true,,3079,145,16,16,https://the-internet.herokuapp.com/status_codes/200,758,0,569
1740056900842,761,HTTP Request,200,OK,Thread Group 1-48,text,true,,3079,145,16,16,https://the-internet.herokuapp.com/status_codes/200,761,0,572
1740056900887,764,HTTP Request,200,OK,Thread Group 1-49,text,true,,3079,145,16,16,https://the-internet.herokuapp.com/status_codes/200,764,0,571
1740056900936,733,HTTP Request,200,OK,Thread Group 1-50,text,true,,3079,145,15,15,https://the-internet.herokuapp.com/status_codes/200,733,0,550
1740056900988,792,HTTP Request,200,OK,Thread Group 1-51,text,true,,3079,145,16,16,https://the-internet.herokuapp.com/status_codes/200,792,0,597
1740056901086,738,HTTP Request,200,OK,Thread Group 1-53,text,true,,3079,145,16,16,https://the-internet.herokuapp.com/status_codes/200,737,0,551
1740056901066,767,HTTP Request,200,OK,Thread Group 1-52,text,true,,3079,145,15,15,https://the-internet.herokuapp.com/status_codes/200,767,0,573
1740056901136,750,HTTP Request,200,OK,Thread Group 1-54,text,true,,3079,145,16,16,https://the-internet.herokuapp.com/status_codes/200,750,0,563
1740056901188,766,HTTP Request,200,OK,Thread Group 1-55,text,true,,3079,145,16,16,https://the-internet.herokuapp.com/status_codes/200,766,0,576
1740056901238,763,HTTP Request,200,OK,Thread Group 1-56,text,true,,3079,145,16,16,https://the-internet.herokuapp.com/status_codes/200,763,0,570
1740056901302,760,HTTP Request,200,OK,Thread Group 1-57,text,true,,3079,145,16,16,https://the-internet.herokuapp.com/status_codes/200,760,0,572
1740056901336,755,HTTP Request,200,OK,Thread Group 1-58,text,true,,3079,145,16,16,https://the-internet.herokuapp.com/status_codes/200,755,0,566
1740056901386,744,HTTP Request,200,OK,Thread Group 1-59,text,true,,3079,145,15,15,https://the-internet.herokuapp.com/status_codes/200,744,0,560
1740056901437,777,HTTP Request,200,OK,Thread Group 1-60,text,true,,3079,145,16,16,https://the-internet.herokuapp.com/status_codes/200,777,0,581
1740056901536,763,HTTP Request,200,OK,Thread Group 1-62,text,true,,3079,145,17,17,https://the-internet.herokuapp.com/status_codes/200,763,0,571
1740056901586,768,HTTP Request,200,OK,Thread Group 1-63,text,true,,3079,145,17,17,https://the-internet.herokuapp.com/status_codes/200,768,0,578
1740056901687,795,HTTP Request,200,OK,Thread Group 1-65,text,true,,3079,145,18,18,https://the-internet.herokuapp.com/status_codes/200,795,0,596
1740056901733,772,HTTP Request,200,OK,Thread Group 1-66,text,true,,3079,145,18,18,https://the-internet.herokuapp.com/status_codes/200,772,0,583
1740056901786,799,HTTP Request,200,OK,Thread Group 1-67,text,true,,3079,145,19,19,https://the-internet.herokuapp.com/status_codes/200,799,0,609
1740056901835,775,HTTP Request,200,OK,Thread Group 1-68,text,true,,3079,145,18,18,https://the-internet.herokuapp.com/status_codes/200,775,0,584
1740056901888,776,HTTP Request,200,OK,Thread Group 1-69,text,true,,3079,145,18,18,https://the-internet.herokuapp.com/status_codes/200,776,0,563
1740056901935,762,HTTP Request,200,OK,Thread Group 1-70,text,true,,3079,145,18,18,https://the-internet.herokuapp.com/status_codes/200,762,0,570
1740056901985,763,HTTP Request,200,OK,Thread Group 1-71,text,true,,3079,145,18,18,https://the-internet.herokuapp.com/status_codes/200,763,0,562
1740056902036,765,HTTP Request,200,OK,Thread Group 1-72,text,true,,3079,145,18,18,https://the-internet.herokuapp.com/status_codes/200,765,0,573
1740056902086,776,HTTP Request,200,OK,Thread Group 1-73,text,true,,3079,145,18,18,https://the-internet.herokuapp.com/status_codes/200,776,0,590
1740056902233,804,HTTP Request,200,OK,Thread Group 1-76,text,true,,3079,145,21,21,https://the-internet.herokuapp.com/status_codes/200,804,0,611
1740056902285,783,HTTP Request,200,OK,Thread Group 1-77,text,true,,3079,145,20,20,https://the-internet.herokuapp.com/status_codes/200,783,0,590
1740056902334,776,HTTP Request,200,OK,Thread Group 1-78,text,true,,3079,145,20,20,https://the-internet.herokuapp.com/status_codes/200,776,0,580
1740056902384,773,HTTP Request,200,OK,Thread Group 1-79,text,true,,3079,145,20,20,https://the-internet.herokuapp.com/status_codes/200,773,0,582
1740056902439,760,HTTP Request,200,OK,Thread Group 1-80,text,true,,3079,145,20,20,https://the-internet.herokuapp.com/status_codes/200,760,0,570
1740056902487,778,HTTP Request,200,OK,Thread Group 1-81,text,true,,3083,145,20,20,https://the-internet.herokuapp.com/status_codes/200,778,0,581
1740056901487,1796,HTTP Request,200,OK,Thread Group 1-61,text,true,,3083,145,19,19,https://the-internet.herokuapp.com/status_codes/200,1796,0,1599
1740056902538,792,HTTP Request,200,OK,Thread Group 1-82,text,true,,3083,145,19,19,https://the-internet.herokuapp.com/status_codes/200,792,0,587
1740056901635,1757,HTTP Request,200,OK,Thread Group 1-64,text,true,,3083,145,19,19,https://the-internet.herokuapp.com/status_codes/200,1757,0,1568
1740056902637,759,HTTP Request,200,OK,Thread Group 1-84,text,true,,3083,145,18,18,https://the-internet.herokuapp.com/status_codes/200,759,0,569
1740056902687,765,HTTP Request,200,OK,Thread Group 1-85,text,true,,3083,145,19,19,https://the-internet.herokuapp.com/status_codes/200,765,0,573
1740056902739,785,HTTP Request,200,OK,Thread Group 1-86,text,true,,3083,145,18,18,https://the-internet.herokuapp.com/status_codes/200,785,0,590
1740056902787,754,HTTP Request,200,OK,Thread Group 1-87,text,true,,3083,145,17,17,https://the-internet.herokuapp.com/status_codes/200,753,0,557
1740056902837,749,HTTP Request,200,OK,Thread Group 1-88,text,true,,3083,145,16,16,https://the-internet.herokuapp.com/status_codes/200,749,0,560
1740056902887,740,HTTP Request,200,OK,Thread Group 1-89,text,true,,3083,145,15,15,https://the-internet.herokuapp.com/status_codes/200,740,0,556
1740056902937,744,HTTP Request,200,OK,Thread Group 1-90,text,true,,3083,145,14,14,https://the-internet.herokuapp.com/status_codes/200,744,0,557
1740056902986,761,HTTP Request,200,OK,Thread Group 1-91,text,true,,3083,145,13,13,https://the-internet.herokuapp.com/status_codes/200,761,0,571
1740056903037,739,HTTP Request,200,OK,Thread Group 1-92,text,true,,3083,145,12,12,https://the-internet.herokuapp.com/status_codes/200,739,0,553
1740056903087,751,HTTP Request,200,OK,Thread Group 1-93,text,true,,3083,145,11,11,https://the-internet.herokuapp.com/status_codes/200,751,0,560
1740056903136,781,HTTP Request,200,OK,Thread Group 1-94,text,true,,3083,145,10,10,https://the-internet.herokuapp.com/status_codes/200,781,0,588
1740056903185,751,HTTP Request,200,OK,Thread Group 1-95,text,true,,3083,145,9,9,https://the-internet.herokuapp.com/status_codes/200,751,0,556
1740056902185,1792,HTTP Request,200,OK,Thread Group 1-75,text,true,,3083,145,8,8,https://the-internet.herokuapp.com/status_codes/200,1792,0,1596
1740056903235,744,HTTP Request,200,OK,Thread Group 1-96,text,true,,3083,145,7,7,https://the-internet.herokuapp.com/status_codes/200,744,0,557
1740056903287,745,HTTP Request,200,OK,Thread Group 1-97,text,true,,3083,145,6,6,https://the-internet.herokuapp.com/status_codes/200,745,0,562
1740056903335,774,HTTP Request,200,OK,Thread Group 1-98,text,true,,3083,145,5,5,https://the-internet.herokuapp.com/status_codes/200,774,0,576
1740056903399,772,HTTP Request,200,OK,Thread Group 1-99,text,true,,3083,145,4,4,https://the-internet.herokuapp.com/status_codes/200,772,0,578
1740056903446,742,HTTP Request,200,OK,Thread Group 1-100,text,true,,3083,145,3,3,https://the-internet.herokuapp.com/status_codes/200,741,0,551
1740056902134,2178,HTTP Request,200,OK,Thread Group 1-74,text,true,,3079,145,2,2,https://the-internet.herokuapp.com/status_codes/200,2178,0,1983
1740056902587,1787,HTTP Request,200,OK,Thread Group 1-83,text,true,,3079,145,1,1,https://the-internet.herokuapp.com/status_codes/200,1787,0,1592
